priority,image_path,candidate_class,ocr_text,ocr_confidence,provisional_bbox,normalized_yolo,reason,review_status,source_repo,sha256
1,external_data/Object-Detection-and-Text-Recognition-of-Packaged-Foods-main/sample dataset/images/train/17.png,MRP,Every product has a story.ip to know ours.,0.9034,"[[135.0, 462.0], [302.0, 467.0], [301.0, 481.0], [135.0, 475.0]]","[0.437, 0.943, 0.334, 0.038]",Matched MRP regex pattern,REJECTED,joyeetadey/Object-Detection-and-Text-Recognition-of-Packaged-Foods,1b243a71b046c8fba48403d9d4ad22b81256c0f12b187366a8857913a7772c8f
1,external_data/Object-Detection-and-Text-Recognition-of-Packaged-Foods-main/sample dataset/images/train/19.png,NET_QUANTITY,NET WT.500g.,0.955,"[[343.0, 406.0], [396.0, 406.0], [396.0, 420.0], [343.0, 420.0]]","[0.739, 0.826, 0.106, 0.028]",Matched NET_QUANTITY regex pattern,ACCEPTED,joyeetadey/Object-Detection-and-Text-Recognition-of-Packaged-Foods,7d3a70ea93a4ec2b44833abaddc4439263881fdc3a01d464ff208183be53397b
1,external_data/Object-Detection-and-Text-Recognition-of-Packaged-Foods-main/sample dataset/images/train/24.png,MRP,diversified balanced diet. Consume along with fruits &m,0.9513,"[[753.0, 431.0], [1144.0, 431.0], [1144.0, 451.0], [753.0, 451.0]]","[0.6323333333333333, 0.2941961307538359, 0.26066666666666666, 0.0133422281521014]",Matched MRP regex pattern,REJECTED,joyeetadey/Object-Detection-and-Text-Recognition-of-Packaged-Foods,6e8403facc1d5871f38d939ab105cdddcbf8092b8736793b1457b6e97e84a660
1,external_data/Object-Detection-and-Text-Recognition-of-Packaged-Foods-main/sample dataset/images/train/24.png,MRP,Totol Sugars (g),0.8961,"[[905.0, 534.0], [988.0, 536.0], [987.0, 553.0], [905.0, 551.0]]","[0.631, 0.36257505003335555, 0.05533333333333333, 0.012675116744496331]",Matched MRP regex pattern,REJECTED,joyeetadey/Object-Detection-and-Text-Recognition-of-Packaged-Foods,6e8403facc1d5871f38d939ab105cdddcbf8092b8736793b1457b6e97e84a660
1,external_data/Object-Detection-and-Text-Recognition-of-Packaged-Foods-main/sample dataset/images/train/24.png,MRP,SugarSucroseg),0.9257,"[[910.0, 548.0], [1005.0, 550.0], [1004.0, 567.0], [909.0, 565.0]]","[0.638, 0.37191460973982654, 0.064, 0.012675116744496331]",Matched MRP regex pattern,REJECTED,joyeetadey/Object-Detection-and-Text-Recognition-of-Packaged-Foods,6e8403facc1d5871f38d939ab105cdddcbf8092b8736793b1457b6e97e84a660
1,external_data/Object-Detection-and-Text-Recognition-of-Packaged-Foods-main/sample dataset/images/train/24.png,CONSUMER_CARE,NESTLE CONSUMER CARE,0.9629,"[[345.0, 600.0], [577.0, 600.0], [577.0, 631.0], [345.0, 631.0]]","[0.30733333333333335, 0.4106070713809206, 0.15466666666666667, 0.02068045363575717]",Matched CONSUMER_CARE regex pattern,ACCEPTED,joyeetadey/Object-Detection-and-Text-Recognition-of-Packaged-Foods,6e8403facc1d5871f38d939ab105cdddcbf8092b8736793b1457b6e97e84a660
1,external_data/Object-Detection-and-Text-Recognition-of-Packaged-Foods-main/sample dataset/images/train/24.png,CONSUMER_CARE,WECARE@IN.NESTLE.COM,0.99,"[[336.0, 670.0], [575.0, 670.0], [575.0, 701.0], [336.0, 701.0]]","[0.30366666666666664, 0.4573048699132755, 0.15933333333333333, 0.02068045363575717]",Matched CONSUMER_CARE regex pattern,ACCEPTED,joyeetadey/Object-Detection-and-Text-Recognition-of-Packaged-Foods,6e8403facc1d5871f38d939ab105cdddcbf8092b8736793b1457b6e97e84a660
1,external_data/Object-Detection-and-Text-Recognition-of-Packaged-Foods-main/sample dataset/images/train/24.png,MRP,M.R.P.INCL.OFALLTAXES),0.9325,"[[316.0, 818.0], [581.0, 817.0], [581.0, 848.0], [316.0, 849.0]]","[0.299, 0.5557038025350234, 0.17666666666666667, 0.02134756504336224]",Matched MRP regex pattern,ACCEPTED,joyeetadey/Object-Detection-and-Text-Recognition-of-Packaged-Foods,6e8403facc1d5871f38d939ab105cdddcbf8092b8736793b1457b6e97e84a660
1,external_data/Object-Detection-and-Text-Recognition-of-Packaged-Foods-main/sample dataset/images/train/24.png,IMPORTER,Marketed ByNESTLE INDIA LIMITED,0.9211,"[[314.0, 1224.0], [492.0, 1224.0], [492.0, 1244.0], [314.0, 1244.0]]","[0.26866666666666666, 0.8232154769846565, 0.11866666666666667, 0.0133422281521014]",Matched IMPORTER regex pattern,REJECTED,joyeetadey/Object-Detection-and-Text-Recognition-of-Packaged-Foods,6e8403facc1d5871f38d939ab105cdddcbf8092b8736793b1457b6e97e84a660
1,external_data/Object-Detection-and-Text-Recognition-of-Packaged-Foods-main/sample dataset/images/train/24.png,NET_QUANTITY,NET WEIGHT:,0.9551,"[[314.0, 1299.0], [462.0, 1299.0], [462.0, 1327.0], [314.0, 1327.0]]","[0.25866666666666666, 0.875917278185457, 0.09866666666666667, 0.018679119412941963]",Matched NET_QUANTITY regex pattern,ACCEPTED,joyeetadey/Object-Detection-and-Text-Recognition-of-Packaged-Foods,6e8403facc1d5871f38d939ab105cdddcbf8092b8736793b1457b6e97e84a660
1,external_data/Object-Detection-and-Text-Recognition-of-Packaged-Foods-main/sample dataset/images/train/39.png,MRP,India Food Processors' Association,0.9423,"[[218.0, 454.0], [424.0, 454.0], [424.0, 468.0], [218.0, 468.0]]","[0.5023474178403756, 0.9604166666666667, 0.3223787167449139, 0.029166666666666667]",Matched MRP regex pattern,REJECTED,joyeetadey/Object-Detection-and-Text-Recognition-of-Packaged-Foods,7b6d342b1d7378482ca17d6dceb6fbdc9a45e4b9fdb1b314711eaea1749ff82c
1,external_data/Object-Detection-and-Text-Recognition-of-Packaged-Foods-main/sample dataset/images/train/52.PNG,MRP,Sugars 6g,0.9093,"[[113.0, 356.0], [145.0, 356.0], [145.0, 366.0], [113.0, 366.0]]","[0.2529411764705882, 0.6077441077441077, 0.06274509803921569, 0.016835016835016835]",Matched MRP regex pattern,REJECTED,joyeetadey/Object-Detection-and-Text-Recognition-of-Packaged-Foods,05eaa7755edf0efac992dd612153dcf7f2d6e85e84176d5e5b8dcdfb4e073f8f
1,external_data/Object-Detection-and-Text-Recognition-of-Packaged-Foods-main/sample dataset/images/train/52.PNG,MRP,cause it to spoil. Grate with a coarse,0.9579,"[[244.0, 375.0], [417.0, 375.0], [417.0, 389.0], [244.0, 389.0]]","[0.6480392156862745, 0.6430976430976431, 0.3392156862745098, 0.02356902356902357]",Matched MRP regex pattern,REJECTED,joyeetadey/Object-Detection-and-Text-Recognition-of-Packaged-Foods,05eaa7755edf0efac992dd612153dcf7f2d6e85e84176d5e5b8dcdfb4e073f8f
1,external_data/Object-Detection-and-Text-Recognition-of-Packaged-Foods-main/sample dataset/images/train/52.PNG,NET_QUANTITY,NET WT 2.2 LBS (1 KG),0.8823,"[[99.0, 485.0], [196.0, 485.0], [196.0, 494.0], [99.0, 494.0]]","[0.28921568627450983, 0.8240740740740741, 0.19019607843137254, 0.015151515151515152]",Matched NET_QUANTITY regex pattern,ACCEPTED,joyeetadey/Object-Detection-and-Text-Recognition-of-Packaged-Foods,05eaa7755edf0efac992dd612153dcf7f2d6e85e84176d5e5b8dcdfb4e073f8f
1,external_data/Object-Detection-and-Text-Recognition-of-Packaged-Foods-main/sample dataset/images/train/53.PNG,NET_QUANTITY,Net Weight:200g/7.05oz,0.973,"[[157.0, 81.0], [277.0, 81.0], [277.0, 94.0], [157.0, 94.0]]","[0.4965675057208238, 0.14805414551607446, 0.2745995423340961, 0.021996615905245348]",Matched NET_QUANTITY regex pattern,ACCEPTED,joyeetadey/Object-Detection-and-Text-Recognition-of-Packaged-Foods,4be3528285bef7be8b571166ba01f28f7707936171dca83cc90ef0504bb3509f
1,external_data/Object-Detection-and-Text-Recognition-of-Packaged-Foods-main/sample dataset/images/train/53.PNG,MRP,producers.we intend to take a,0.8968,"[[67.0, 234.0], [169.0, 234.0], [169.0, 244.0], [67.0, 244.0]]","[0.2700228832951945, 0.40439932318104904, 0.2334096109839817, 0.01692047377326565]",Matched MRP regex pattern,ACCEPTED,joyeetadey/Object-Detection-and-Text-Recognition-of-Packaged-Foods,4be3528285bef7be8b571166ba01f28f7707936171dca83cc90ef0504bb3509f
2,external_data/Object-Detection-and-Text-Recognition-of-Packaged-Foods-main/sample dataset/images/train/53.PNG,AMBIGUOUS,Manufactured &Marketed by:,0.9282,"[[228.0, 397.0], [343.0, 397.0], [343.0, 404.0], [228.0, 404.0]]","[0.6533180778032036, 0.6776649746192893, 0.2631578947368421, 0.011844331641285956]",Overlapping regex classifications,PENDING,joyeetadey/Object-Detection-and-Text-Recognition-of-Packaged-Foods,4be3528285bef7be8b571166ba01f28f7707936171dca83cc90ef0504bb3509f
1,external_data/Object-Detection-and-Text-Recognition-of-Packaged-Foods-main/sample dataset/images/train/54.PNG,MRP,Mars or Affiliates,0.908,"[[269.0, 332.0], [359.0, 332.0], [359.0, 345.0], [269.0, 345.0]]","[0.7336448598130841, 0.5059790732436472, 0.2102803738317757, 0.01943198804185351]",Matched MRP regex pattern,ACCEPTED,joyeetadey/Object-Detection-and-Text-Recognition-of-Packaged-Foods,b580a7317bbb2e007d3459c0edb95eddf5c36c7beda7a706f43fe07389c00ff6
1,external_data/Object-Detection-and-Text-Recognition-of-Packaged-Foods-main/sample dataset/images/train/54.PNG,MRP,STARBURSTisused,0.9443,"[[268.0, 346.0], [359.0, 346.0], [359.0, 360.0], [268.0, 360.0]]","[0.7324766355140186, 0.5276532137518685, 0.21261682242990654, 0.02092675635276532]",Matched MRP regex pattern,ACCEPTED,joyeetadey/Object-Detection-and-Text-Recognition-of-Packaged-Foods,b580a7317bbb2e007d3459c0edb95eddf5c36c7beda7a706f43fe07389c00ff6
1,external_data/Object-Detection-and-Text-Recognition-of-Packaged-Foods-main/sample dataset/images/train/54.PNG,MRP,"sugars,added sugars,vitamin D,calcium",0.9232,"[[27.0, 567.0], [240.0, 567.0], [240.0, 580.0], [27.0, 580.0]]","[0.3119158878504673, 0.8572496263079222, 0.4976635514018692, 0.01943198804185351]",Matched MRP regex pattern,REJECTED,joyeetadey/Object-Detection-and-Text-Recognition-of-Packaged-Foods,b580a7317bbb2e007d3459c0edb95eddf5c36c7beda7a706f43fe07389c00ff6
1,external_data/Object-Detection-and-Text-Recognition-of-Packaged-Foods-main/sample dataset/images/train/55.PNG,MRP,FLAVORS OR,0.9667,"[[375.0, 136.0], [463.0, 134.0], [463.0, 150.0], [376.0, 153.0]]","[0.684640522875817, 0.2887323943661972, 0.1437908496732026, 0.03822937625754527]",Matched MRP regex pattern,REJECTED,joyeetadey/Object-Detection-and-Text-Recognition-of-Packaged-Foods,c884337bc7d929912fe8d62ecad5805c3ac97c3bb3c4af1d0509270092d208d3
1,external_data/Object-Detection-and-Text-Recognition-of-Packaged-Foods-main/sample dataset/images/train/55.PNG,MRP,STARCH.TAPIOCA FLOUR.NATURAL FLAVORS,0.9311,"[[231.0, 236.0], [483.0, 236.0], [483.0, 249.0], [231.0, 249.0]]","[0.5833333333333334, 0.4879275653923541, 0.4117647058823529, 0.026156941649899398]",Matched MRP regex pattern,REJECTED,joyeetadey/Object-Detection-and-Text-Recognition-of-Packaged-Foods,c884337bc7d929912fe8d62ecad5805c3ac97c3bb3c4af1d0509270092d208d3
1,external_data/Object-Detection-and-Text-Recognition-of-Packaged-Foods-main/sample dataset/images/train/56.PNG,MRP,Total Sugars 0g,0.9479,"[[288.0, 296.0], [373.0, 296.0], [373.0, 309.0], [288.0, 309.0]]","[0.6676767676767676, 0.5750950570342205, 0.1717171717171717, 0.024714828897338403]",Matched MRP regex pattern,REJECTED,joyeetadey/Object-Detection-and-Text-Recognition-of-Packaged-Foods,fde917f355678543cc0174a3d3732fa2ab0019d8fed75faa0e4cff393d9809b5
1,external_data/Object-Detection-and-Text-Recognition-of-Packaged-Foods-main/sample dataset/images/train/56.PNG,MRP,Incl. Og Added Sugars,0.9625,"[[294.0, 313.0], [409.0, 313.0], [409.0, 328.0], [294.0, 328.0]]","[0.7101010101010101, 0.6093155893536122, 0.23232323232323232, 0.028517110266159697]",Matched MRP regex pattern,REJECTED,joyeetadey/Object-Detection-and-Text-Recognition-of-Packaged-Foods,fde917f355678543cc0174a3d3732fa2ab0019d8fed75faa0e4cff393d9809b5
1,external_data/Object-Detection-and-Text-Recognition-of-Packaged-Foods-main/sample dataset/images/train/57.PNG,MRP,Tetal Sugars 1g,0.9392,"[[82.0, 295.0], [146.0, 298.0], [145.0, 312.0], [81.0, 309.0]]","[0.21496212121212122, 0.5278260869565218, 0.12310606060606061, 0.029565217391304348]",Matched MRP regex pattern,REJECTED,joyeetadey/Object-Detection-and-Text-Recognition-of-Packaged-Foods,50c2a56553ee242d0f2f61e9ef1aaf9f7892140eb3d007aa13e98204b60711c9
1,external_data/Object-Detection-and-Text-Recognition-of-Packaged-Foods-main/sample dataset/images/train/58.PNG,MRP,TotalSugars 4g,0.8898,"[[32.0, 266.0], [87.0, 266.0], [87.0, 277.0], [32.0, 277.0]]","[0.16951566951566951, 0.5065298507462687, 0.15669515669515668, 0.020522388059701493]",Matched MRP regex pattern,REJECTED,joyeetadey/Object-Detection-and-Text-Recognition-of-Packaged-Foods,babe668cd69ddea357695ab035e4efdb9d8efc93d8d805af5b0f02a6829597f0
2,external_data/Object-Detection-and-Text-Recognition-of-Packaged-Foods-main/sample dataset/images/train/58.PNG,MRP,Incudes <1g Added Sugars,0.7713,"[[42.0, 278.0], [127.0, 278.0], [127.0, 291.0], [42.0, 291.0]]","[0.24074074074074073, 0.5307835820895522, 0.24216524216524216, 0.024253731343283583]",Matched MRP regex pattern,REJECTED,joyeetadey/Object-Detection-and-Text-Recognition-of-Packaged-Foods,babe668cd69ddea357695ab035e4efdb9d8efc93d8d805af5b0f02a6829597f0
2,external_data/Object-Detection-and-Text-Recognition-of-Packaged-Foods-main/sample dataset/images/train/58.PNG,MRP,POWCERSNAOWEROL CASHEWNUTSSPCES SUA,0.7057,"[[15.0, 382.0], [148.0, 382.0], [148.0, 392.0], [15.0, 392.0]]","[0.23219373219373218, 0.7220149253731343, 0.3789173789173789, 0.018656716417910446]",Matched MRP regex pattern,REJECTED,joyeetadey/Object-Detection-and-Text-Recognition-of-Packaged-Foods,babe668cd69ddea357695ab035e4efdb9d8efc93d8d805af5b0f02a6829597f0
2,external_data/Object-Detection-and-Text-Recognition-of-Packaged-Foods-main/sample dataset/images/train/58.PNG,MRP,ARLC.GERSA.CORSAXAASO,0.6461,"[[16.0, 390.0], [150.0, 390.0], [150.0, 400.0], [16.0, 400.0]]","[0.23646723646723647, 0.7369402985074627, 0.3817663817663818, 0.018656716417910446]",Matched MRP regex pattern,ACCEPTED,joyeetadey/Object-Detection-and-Text-Recognition-of-Packaged-Foods,babe668cd69ddea357695ab035e4efdb9d8efc93d8d805af5b0f02a6829597f0
1,external_data/Object-Detection-and-Text-Recognition-of-Packaged-Foods-main/sample dataset/images/train/60.PNG,MRP,Total Sugars,0.9671,"[[37.0, 291.0], [90.0, 294.0], [89.0, 308.0], [36.0, 306.0]]","[0.13938053097345132, 0.6468682505399568, 0.11946902654867257, 0.0367170626349892]",Matched MRP regex pattern,REJECTED,joyeetadey/Object-Detection-and-Text-Recognition-of-Packaged-Foods,df1735e3187ebe6d9901994ee436f2e58eccf459112dda61afffe757de7db38b
1,external_data/Object-Detection-and-Text-Recognition-of-Packaged-Foods-main/sample dataset/images/train/60.PNG,MRP,Includes Added Sugars,0.9984,"[[43.0, 307.0], [138.0, 307.0], [138.0, 320.0], [43.0, 320.0]]","[0.2002212389380531, 0.6771058315334774, 0.21017699115044247, 0.028077753779697623]",Matched MRP regex pattern,REJECTED,joyeetadey/Object-Detection-and-Text-Recognition-of-Packaged-Foods,df1735e3187ebe6d9901994ee436f2e58eccf459112dda61afffe757de7db38b
1,external_data/Object-Detection-and-Text-Recognition-of-Packaged-Foods-main/sample dataset/images/train/61.PNG,MRP,Seasoning Mix and % cup waterstir,0.9355,"[[219.0, 151.0], [362.0, 151.0], [362.0, 164.0], [219.0, 164.0]]","[0.7335858585858586, 0.3294979079497908, 0.3611111111111111, 0.027196652719665274]",Matched MRP regex pattern,REJECTED,joyeetadey/Object-Detection-and-Text-Recognition-of-Packaged-Foods,b9ad8fa80a76f4a29c04f942b8d204acbd86ecd8522a8eb2ac30e21d26c68b02
2,external_data/Object-Detection-and-Text-Recognition-of-Packaged-Foods-main/sample dataset/images/train/61.PNG,MRP,"sagars, acded sagars, ei 0",0.6646,"[[28.0, 256.0], [117.0, 256.0], [117.0, 266.0], [28.0, 266.0]]","[0.1830808080808081, 0.5460251046025104, 0.22474747474747475, 0.02092050209205021]",Matched MRP regex pattern,ACCEPTED,joyeetadey/Object-Detection-and-Text-Recognition-of-Packaged-Foods,b9ad8fa80a76f4a29c04f942b8d204acbd86ecd8522a8eb2ac30e21d26c68b02
1,external_data/Object-Detection-and-Text-Recognition-of-Packaged-Foods-main/sample dataset/images/train/61.PNG,MRP,", GHILT PEPPERS",0.8379,"[[50.0, 293.0], [104.0, 293.0], [104.0, 300.0], [50.0, 300.0]]","[0.19444444444444445, 0.6202928870292888, 0.13636363636363635, 0.014644351464435146]",Matched MRP regex pattern,ACCEPTED,joyeetadey/Object-Detection-and-Text-Recognition-of-Packaged-Foods,b9ad8fa80a76f4a29c04f942b8d204acbd86ecd8522a8eb2ac30e21d26c68b02
1,external_data/Object-Detection-and-Text-Recognition-of-Packaged-Foods-main/sample dataset/images/train/62.PNG,MRP,TotalSugars Og,0.8361,"[[229.0, 287.0], [288.0, 287.0], [288.0, 298.0], [229.0, 298.0]]","[0.6714285714285714, 0.5592734225621415, 0.15324675324675324, 0.021032504780114723]",Matched MRP regex pattern,REJECTED,joyeetadey/Object-Detection-and-Text-Recognition-of-Packaged-Foods,35b012d60c20df93cfefe969a9cda6b45bc64ea33eecf9121834812ce408d993
1,external_data/Object-Detection-and-Text-Recognition-of-Packaged-Foods-main/sample dataset/images/train/62.PNG,MRP,Incl Og Add Sugars,0.8688,"[[232.0, 300.0], [315.0, 300.0], [315.0, 314.0], [232.0, 314.0]]","[0.7103896103896103, 0.5869980879541109, 0.21558441558441557, 0.02676864244741874]",Matched MRP regex pattern,REJECTED,joyeetadey/Object-Detection-and-Text-Recognition-of-Packaged-Foods,35b012d60c20df93cfefe969a9cda6b45bc64ea33eecf9121834812ce408d993
1,external_data/Object-Detection-and-Text-Recognition-of-Packaged-Foods-main/sample dataset/images/train/62.PNG,MRP,PROCUCL NCLLDEUPC BAR CODELMBERSAND CODE,0.8323,"[[28.0, 399.0], [189.0, 399.0], [189.0, 413.0], [28.0, 413.0]]","[0.2818181818181818, 0.7762906309751434, 0.41818181818181815, 0.02676864244741874]",Matched MRP regex pattern,REJECTED,joyeetadey/Object-Detection-and-Text-Recognition-of-Packaged-Foods,35b012d60c20df93cfefe969a9cda6b45bc64ea33eecf9121834812ce408d993
1,external_data/Object-Detection-and-Text-Recognition-of-Packaged-Foods-main/sample dataset/images/train/63.PNG,MRP,packet Mrs.Dash Chili Seasoning Mix,0.9561,"[[285.0, 192.0], [498.0, 192.0], [498.0, 205.0], [285.0, 205.0]]","[0.6892605633802817, 0.28978102189781024, 0.375, 0.01897810218978102]",Matched MRP regex pattern,REJECTED,joyeetadey/Object-Detection-and-Text-Recognition-of-Packaged-Foods,dc302d4d2b4c45c493c57c2f458a5b1d7298293bffeca4b31e76f67807a65776
1,external_data/Object-Detection-and-Text-Recognition-of-Packaged-Foods-main/sample dataset/images/train/63.PNG,MRP,"esterol. total sugars, added sugars",0.9099,"[[57.0, 464.0], [248.0, 467.0], [247.0, 481.0], [57.0, 478.0]]","[0.26848591549295775, 0.6897810218978102, 0.3362676056338028, 0.024817518248175182]",Matched MRP regex pattern,REJECTED,joyeetadey/Object-Detection-and-Text-Recognition-of-Packaged-Foods,dc302d4d2b4c45c493c57c2f458a5b1d7298293bffeca4b31e76f67807a65776
1,external_data/Object-Detection-and-Text-Recognition-of-Packaged-Foods-main/sample dataset/images/train/63.PNG,MRP,"and recipes, visit www.mrsdash.com",0.984,"[[305.0, 510.0], [474.0, 501.0], [475.0, 519.0], [306.0, 527.0]]","[0.6866197183098591, 0.7503649635036497, 0.2992957746478873, 0.03795620437956204]",Matched MRP regex pattern,REJECTED,joyeetadey/Object-Detection-and-Text-Recognition-of-Packaged-Foods,dc302d4d2b4c45c493c57c2f458a5b1d7298293bffeca4b31e76f67807a65776
1,external_data/Object-Detection-and-Text-Recognition-of-Packaged-Foods-main/sample dataset/images/train/63.PNG,MRP,Or visit www.mrsdash.com,0.9899,"[[52.0, 631.0], [182.0, 629.0], [183.0, 642.0], [52.0, 644.0]]","[0.2068661971830986, 0.9291970802919708, 0.2306338028169014, 0.021897810218978103]",Matched MRP regex pattern,ACCEPTED,joyeetadey/Object-Detection-and-Text-Recognition-of-Packaged-Foods,dc302d4d2b4c45c493c57c2f458a5b1d7298293bffeca4b31e76f67807a65776
1,external_data/Object-Detection-and-Text-Recognition-of-Packaged-Foods-main/sample dataset/images/train/64.PNG,MRP,Total Sugars 7g,0.8523,"[[62.0, 248.0], [117.0, 257.0], [114.0, 272.0], [60.0, 264.0]]","[0.23289473684210527, 0.5327868852459017, 0.15, 0.04918032786885246]",Matched MRP regex pattern,REJECTED,joyeetadey/Object-Detection-and-Text-Recognition-of-Packaged-Foods,a27996171fda86f12570bd0484a11f2e06c00d0275f6ed25e1b7fbd9773d7af0
1,external_data/Object-Detection-and-Text-Recognition-of-Packaged-Foods-main/sample dataset/images/train/64.PNG,MRP,Incudes Og Added Sugars,0.9027,"[[70.0, 265.0], [168.0, 278.0], [166.0, 292.0], [68.0, 279.0]]","[0.3105263157894737, 0.5706967213114754, 0.2631578947368421, 0.055327868852459015]",Matched MRP regex pattern,REJECTED,joyeetadey/Object-Detection-and-Text-Recognition-of-Packaged-Foods,a27996171fda86f12570bd0484a11f2e06c00d0275f6ed25e1b7fbd9773d7af0
1,external_data/Object-Detection-and-Text-Recognition-of-Packaged-Foods-main/sample dataset/images/train/65.PNG,MRP,Total Sugars Og,0.9442,"[[38.0, 292.0], [127.0, 294.0], [127.0, 308.0], [37.0, 305.0]]","[0.3178294573643411, 0.47095761381475665, 0.3488372093023256, 0.02511773940345369]",Matched MRP regex pattern,REJECTED,joyeetadey/Object-Detection-and-Text-Recognition-of-Packaged-Foods,119d3a1871fb4eb5f62e440328b81e3c3b6da7834239f5a00b7177e69a915e33
1,external_data/Object-Detection-and-Text-Recognition-of-Packaged-Foods-main/sample dataset/images/train/65.PNG,MRP,Includes Og Added Sugars ,0.9537,"[[44.0, 307.0], [204.0, 310.0], [203.0, 327.0], [44.0, 324.0]]","[0.4806201550387597, 0.4976452119309262, 0.6201550387596899, 0.03139717425431711]",Matched MRP regex pattern,REJECTED,joyeetadey/Object-Detection-and-Text-Recognition-of-Packaged-Foods,119d3a1871fb4eb5f62e440328b81e3c3b6da7834239f5a00b7177e69a915e33
1,external_data/Object-Detection-and-Text-Recognition-of-Packaged-Foods-main/sample dataset/images/train/66.PNG,MRP,1 packet Mrs.Dash Fajita Seasoning Mix,0.9732,"[[259.0, 156.0], [475.0, 157.0], [475.0, 174.0], [259.0, 173.0]]","[0.6898496240601504, 0.25306748466257667, 0.40601503759398494, 0.027607361963190184]",Matched MRP regex pattern,REJECTED,joyeetadey/Object-Detection-and-Text-Recognition-of-Packaged-Foods,bddd3488f86e9b7ea1d853410f7cc222b12a6da450440e352b39aee12bb2c1d0
1,external_data/Object-Detection-and-Text-Recognition-of-Packaged-Foods-main/sample dataset/images/train/66.PNG,MRP,"fa.cholesterol,total sugars,added",0.9296,"[[35.0, 437.0], [235.0, 433.0], [236.0, 450.0], [35.0, 454.0]]","[0.25469924812030076, 0.6802147239263804, 0.37781954887218044, 0.032208588957055216]",Matched MRP regex pattern,REJECTED,joyeetadey/Object-Detection-and-Text-Recognition-of-Packaged-Foods,bddd3488f86e9b7ea1d853410f7cc222b12a6da450440e352b39aee12bb2c1d0
1,external_data/Object-Detection-and-Text-Recognition-of-Packaged-Foods-main/sample dataset/images/train/66.PNG,MRP,"sgars,vitamin D, and calcium.",0.8854,"[[31.0, 453.0], [212.0, 448.0], [212.0, 465.0], [32.0, 471.0]]","[0.22838345864661655, 0.7047546012269938, 0.34022556390977443, 0.0352760736196319]",Matched MRP regex pattern,ACCEPTED,joyeetadey/Object-Detection-and-Text-Recognition-of-Packaged-Foods,bddd3488f86e9b7ea1d853410f7cc222b12a6da450440e352b39aee12bb2c1d0
1,external_data/Object-Detection-and-Text-Recognition-of-Packaged-Foods-main/sample dataset/images/train/66.PNG,MRP,"and recipes, visit www.mrsdash.com",0.9749,"[[300.0, 479.0], [481.0, 479.0], [481.0, 492.0], [300.0, 492.0]]","[0.7340225563909775, 0.7446319018404908, 0.34022556390977443, 0.019938650306748466]",Matched MRP regex pattern,REJECTED,joyeetadey/Object-Detection-and-Text-Recognition-of-Packaged-Foods,bddd3488f86e9b7ea1d853410f7cc222b12a6da450440e352b39aee12bb2c1d0
1,external_data/Object-Detection-and-Text-Recognition-of-Packaged-Foods-main/sample dataset/images/train/66.PNG,MRP,PARSIPPANY.NJ 07054USA,0.8961,"[[24.0, 573.0], [168.0, 569.0], [168.0, 584.0], [25.0, 587.0]]","[0.18045112781954886, 0.8865030674846626, 0.2706766917293233, 0.027607361963190184]",Matched MRP regex pattern,ACCEPTED,joyeetadey/Object-Detection-and-Text-Recognition-of-Packaged-Foods,bddd3488f86e9b7ea1d853410f7cc222b12a6da450440e352b39aee12bb2c1d0
2,external_data/Object-Detection-and-Text-Recognition-of-Packaged-Foods-main/sample dataset/images/train/67.PNG,MRP,Srin geen ors  ,0.6738,"[[294.0, 251.0], [395.0, 251.0], [395.0, 265.0], [294.0, 265.0]]","[0.7638580931263859, 0.42504118616144976, 0.22394678492239467, 0.023064250411861616]",Matched MRP regex pattern,ACCEPTED,joyeetadey/Object-Detection-and-Text-Recognition-of-Packaged-Foods,3d2c8afccbe55815ed66369eef6e88fa46903ee907641976fa6fd1546ce2befe
1,external_data/Object-Detection-and-Text-Recognition-of-Packaged-Foods-main/sample dataset/images/train/67.PNG,MRP,Sugars 4g,0.9816,"[[302.0, 386.0], [352.0, 389.0], [351.0, 407.0], [301.0, 404.0]]","[0.7239467849223947, 0.6532125205930808, 0.1130820399113082, 0.03459637561779242]",Matched MRP regex pattern,REJECTED,joyeetadey/Object-Detection-and-Text-Recognition-of-Packaged-Foods,3d2c8afccbe55815ed66369eef6e88fa46903ee907641976fa6fd1546ce2befe
1,external_data/Object-Detection-and-Text-Recognition-of-Packaged-Foods-main/sample dataset/images/train/68.PNG,NET_QUANTITY,NET WT0.4 oz.11g),0.8943,"[[183.0, 437.0], [354.0, 439.0], [354.0, 460.0], [183.0, 458.0]]","[0.48641304347826086, 0.7827225130890052, 0.30978260869565216, 0.04013961605584642]",Matched NET_QUANTITY regex pattern,ACCEPTED,joyeetadey/Object-Detection-and-Text-Recognition-of-Packaged-Foods,c9637a91701b1c82e0cb1bc1e46953e287a631aa38d7c28b01ec760925b992c9
1,external_data/Object-Detection-and-Text-Recognition-of-Packaged-Foods-main/sample dataset/images/train/69.PNG,MRP,Total Sugars Og,0.9536,"[[43.0, 471.0], [117.0, 471.0], [117.0, 482.0], [43.0, 482.0]]","[0.35398230088495575, 0.6518467852257182, 0.3274336283185841, 0.015047879616963064]",Matched MRP regex pattern,REJECTED,joyeetadey/Object-Detection-and-Text-Recognition-of-Packaged-Foods,0c3be5948f4bb13aa3a795f688ed9a157cb192ee43ba622aafc14f18bfac0690
1,external_data/Object-Detection-and-Text-Recognition-of-Packaged-Foods-main/sample dataset/images/train/69.PNG,MRP,Includes Og Added Sugars 0%,0.9811,"[[53.0, 486.0], [197.0, 486.0], [197.0, 499.0], [53.0, 499.0]]","[0.5530973451327433, 0.673734610123119, 0.6371681415929203, 0.017783857729138167]",Matched MRP regex pattern,REJECTED,joyeetadey/Object-Detection-and-Text-Recognition-of-Packaged-Foods,0c3be5948f4bb13aa3a795f688ed9a157cb192ee43ba622aafc14f18bfac0690
1,external_data/Object-Detection-and-Text-Recognition-of-Packaged-Foods-main/sample dataset/images/train/70.PNG,MRP,Total Sugars 6g,0.9584,"[[330.0, 325.0], [414.0, 316.0], [416.0, 337.0], [332.0, 347.0]]","[0.8161925601750547, 0.48323615160349853, 0.18818380743982493, 0.04518950437317784]",Matched MRP regex pattern,REJECTED,joyeetadey/Object-Detection-and-Text-Recognition-of-Packaged-Foods,ecf5e1daf64a72f89f5e337da0d84c35a0dbedab2f32b2058918bddeb35fc487
1,external_data/Object-Detection-and-Text-Recognition-of-Packaged-Foods-main/sample dataset/images/train/70.PNG,MRP,Incl.Og Added Sugars,0.8395,"[[340.0, 348.0], [429.0, 337.0], [431.0, 359.0], [342.0, 369.0]]","[0.8435448577680525, 0.5145772594752187, 0.19912472647702406, 0.04664723032069971]",Matched MRP regex pattern,REJECTED,joyeetadey/Object-Detection-and-Text-Recognition-of-Packaged-Foods,ecf5e1daf64a72f89f5e337da0d84c35a0dbedab2f32b2058918bddeb35fc487
1,external_data/Object-Detection-and-Text-Recognition-of-Packaged-Foods-main/sample dataset/images/train/71.PNG,MRP,Total Sugars Og,0.9375,"[[464.0, 139.0], [637.0, 141.0], [637.0, 164.0], [464.0, 162.0]]","[0.7808510638297872, 0.44298245614035087, 0.2453900709219858, 0.07309941520467836]",Matched MRP regex pattern,REJECTED,joyeetadey/Object-Detection-and-Text-Recognition-of-Packaged-Foods,0861ce08205df3c7f1443efd5e8dc03ca3d704b2d7e21f2008fec5e66b6d6624
1,external_data/Object-Detection-and-Text-Recognition-of-Packaged-Foods-main/sample dataset/images/train/71.PNG,MRP,Inc.Og Added Sugars O%,0.9429,"[[463.0, 172.0], [657.0, 172.0], [657.0, 192.0], [463.0, 192.0]]","[0.7943262411347518, 0.5321637426900585, 0.275177304964539, 0.05847953216374269]",Matched MRP regex pattern,REJECTED,joyeetadey/Object-Detection-and-Text-Recognition-of-Packaged-Foods,0861ce08205df3c7f1443efd5e8dc03ca3d704b2d7e21f2008fec5e66b6d6624
1,external_data/Object-Detection-and-Text-Recognition-of-Packaged-Foods-main/sample dataset/images/train/74.PNG,MRP,Total Sugars<1g,0.9767,"[[26.0, 239.0], [120.0, 240.0], [120.0, 254.0], [26.0, 253.0]]","[0.36683417085427134, 0.3372093023255814, 0.4723618090452261, 0.02051983584131327]",Matched MRP regex pattern,REJECTED,joyeetadey/Object-Detection-and-Text-Recognition-of-Packaged-Foods,243e709b7a4983ac061716680dd79a97e1b3bcebf9b06190f63d8251fb2d6cbe
1,external_data/Object-Detection-and-Text-Recognition-of-Packaged-Foods-main/sample dataset/images/train/74.PNG,MRP,Glycol Mono And Diesters Of Fats And,0.958,"[[10.0, 547.0], [180.0, 545.0], [180.0, 556.0], [10.0, 558.0]]","[0.47738693467336685, 0.7544459644322845, 0.8542713567839196, 0.017783857729138167]",Matched MRP regex pattern,REJECTED,joyeetadey/Object-Detection-and-Text-Recognition-of-Packaged-Foods,243e709b7a4983ac061716680dd79a97e1b3bcebf9b06190f63d8251fb2d6cbe
1,external_data/Object-Detection-and-Text-Recognition-of-Packaged-Foods-main/sample dataset/images/train/75.PNG,MRP,Total Sugars,0.9603,"[[37.0, 421.0], [102.0, 432.0], [99.0, 450.0], [34.0, 439.0]]","[0.1654501216545012, 0.637628111273792, 0.1654501216545012, 0.0424597364568082]",Matched MRP regex pattern,REJECTED,joyeetadey/Object-Detection-and-Text-Recognition-of-Packaged-Foods,ec8161a35d3886b55d187787f6cf2043d689e1a9725705517fac444dc33fe3ea
1,external_data/Object-Detection-and-Text-Recognition-of-Packaged-Foods-main/sample dataset/images/train/75.PNG,MRP,Incl.Added Sugars,0.9088,"[[40.0, 444.0], [145.0, 459.0], [142.0, 481.0], [37.0, 466.0]]","[0.22141119221411193, 0.6771595900439239, 0.26277372262773724, 0.05417276720351391]",Matched MRP regex pattern,REJECTED,joyeetadey/Object-Detection-and-Text-Recognition-of-Packaged-Foods,ec8161a35d3886b55d187787f6cf2043d689e1a9725705517fac444dc33fe3ea
1,external_data/Object-Detection-and-Text-Recognition-of-Packaged-Foods-main/sample dataset/images/train/76.PNG,MRP,Total Sugars Og,0.9577,"[[153.0, 407.0], [240.0, 412.0], [239.0, 429.0], [151.0, 424.0]]","[0.38484251968503935, 0.6147058823529412, 0.17519685039370078, 0.03235294117647059]",Matched MRP regex pattern,REJECTED,joyeetadey/Object-Detection-and-Text-Recognition-of-Packaged-Foods,ae2bb8a2c24fed861c9df54661f4719bec9e591bebd50b96205a7ca933d02804
1,external_data/Object-Detection-and-Text-Recognition-of-Packaged-Foods-main/sample dataset/images/train/76.PNG,MRP,Includes Og Added Sugars,0.9663,"[[166.0, 429.0], [318.0, 432.0], [317.0, 449.0], [166.0, 446.0]]","[0.4763779527559055, 0.6455882352941177, 0.2992125984251969, 0.029411764705882353]",Matched MRP regex pattern,REJECTED,joyeetadey/Object-Detection-and-Text-Recognition-of-Packaged-Foods,ae2bb8a2c24fed861c9df54661f4719bec9e591bebd50b96205a7ca933d02804
2,external_data/Object-Detection-and-Text-Recognition-of-Packaged-Foods-main/sample dataset/images/train/78.PNG,NET_QUANTITY,NET WT5.0702144,0.7349,"[[257.0, 415.0], [329.0, 408.0], [330.0, 422.0], [259.0, 429.0]]","[0.7826666666666666, 0.9446952595936795, 0.19466666666666665, 0.04740406320541761]",Matched NET_QUANTITY regex pattern,ACCEPTED,joyeetadey/Object-Detection-and-Text-Recognition-of-Packaged-Foods,373b65bb826389b976016ab42de7d3e1668da5df385069eb69e44e7b914d0073
1,external_data/Object-Detection-and-Text-Recognition-of-Packaged-Foods-main/sample dataset/images/train/80.PNG,PACKER,Our pickles are hand packed and,0.999,"[[50.0, 315.0], [329.0, 315.0], [329.0, 339.0], [50.0, 339.0]]","[0.4386574074074074, 0.4823008849557522, 0.6458333333333334, 0.035398230088495575]",Matched PACKER regex pattern,ACCEPTED,joyeetadey/Object-Detection-and-Text-Recognition-of-Packaged-Foods,fb95e9cdc3d5f72ec1c08a2387b18dbed20ba397074f37bdafbcf47d7e4143c4
1,external_data/Object-Detection-and-Text-Recognition-of-Packaged-Foods-main/sample dataset/images/train/81.PNG,MRP,Total Sugars Og,0.9438,"[[33.0, 282.0], [114.0, 282.0], [114.0, 296.0], [33.0, 296.0]]","[0.09919028340080972, 0.4624, 0.10931174089068826, 0.0224]",Matched MRP regex pattern,REJECTED,joyeetadey/Object-Detection-and-Text-Recognition-of-Packaged-Foods,5e6d8567507b43a185effc05538bcfa5633a6b120438097565bff6591f50afbe
1,external_data/Object-Detection-and-Text-Recognition-of-Packaged-Foods-main/sample dataset/images/train/81.PNG,MRP,Includes Og Added Sugars,0.9717,"[[39.0, 300.0], [177.0, 300.0], [177.0, 313.0], [39.0, 313.0]]","[0.145748987854251, 0.4904, 0.1862348178137652, 0.0208]",Matched MRP regex pattern,REJECTED,joyeetadey/Object-Detection-and-Text-Recognition-of-Packaged-Foods,5e6d8567507b43a185effc05538bcfa5633a6b120438097565bff6591f50afbe
1,external_data/Object-Detection-and-Text-Recognition-of-Packaged-Foods-main/sample dataset/images/train/81.PNG,MANUFACTURER,MANUFACTURED FOR DISTRIBUTION BY:,0.9608,"[[29.0, 472.0], [213.0, 474.0], [213.0, 486.0], [29.0, 484.0]]","[0.1632928475033738, 0.7664, 0.2483130904183536, 0.0224]",Matched MANUFACTURER regex pattern,ACCEPTED,joyeetadey/Object-Detection-and-Text-Recognition-of-Packaged-Foods,5e6d8567507b43a185effc05538bcfa5633a6b120438097565bff6591f50afbe
1,external_data/Object-Detection-and-Text-Recognition-of-Packaged-Foods-main/sample dataset/images/train/82.PNG,MRP,Total Sugars 15g,0.9768,"[[265.0, 173.0], [402.0, 175.0], [401.0, 203.0], [265.0, 201.0]]","[0.6063636363636363, 0.29559748427672955, 0.24909090909090909, 0.04716981132075472]",Matched MRP regex pattern,REJECTED,joyeetadey/Object-Detection-and-Text-Recognition-of-Packaged-Foods,c263dd7029b8d2ef2d8638479fc3865bf5f094219ed1cbd4e254019c027140b7
1,external_data/Object-Detection-and-Text-Recognition-of-Packaged-Foods-main/sample dataset/images/train/82.PNG,MRP,Includes 10g Added Sugars 20%,0.9652,"[[280.0, 212.0], [493.0, 209.0], [494.0, 232.0], [280.0, 236.0]]","[0.7036363636363636, 0.3498427672955975, 0.3890909090909091, 0.04245283018867924]",Matched MRP regex pattern,REJECTED,joyeetadey/Object-Detection-and-Text-Recognition-of-Packaged-Foods,c263dd7029b8d2ef2d8638479fc3865bf5f094219ed1cbd4e254019c027140b7
1,external_data/Object-Detection-and-Text-Recognition-of-Packaged-Foods-main/sample dataset/images/train/83.PNG,MRP,Toral Sugars 2p,0.8085,"[[29.0, 376.0], [68.0, 378.0], [67.0, 390.0], [28.0, 387.0]]","[0.13333333333333333, 0.5379213483146067, 0.1111111111111111, 0.019662921348314606]",Matched MRP regex pattern,REJECTED,joyeetadey/Object-Detection-and-Text-Recognition-of-Packaged-Foods,718dcd15993de30ef9a5d80bd5893f1cfc14cc4fb14d4ea23a3d4056047f2aea
2,external_data/Object-Detection-and-Text-Recognition-of-Packaged-Foods-main/sample dataset/images/train/83.PNG,MRP,ncl. Og Adoet Sugars,0.7991,"[[33.0, 386.0], [90.0, 388.0], [90.0, 399.0], [33.0, 396.0]]","[0.17083333333333334, 0.5512640449438202, 0.15833333333333333, 0.018258426966292134]",Matched MRP regex pattern,REJECTED,joyeetadey/Object-Detection-and-Text-Recognition-of-Packaged-Foods,718dcd15993de30ef9a5d80bd5893f1cfc14cc4fb14d4ea23a3d4056047f2aea
2,external_data/Object-Detection-and-Text-Recognition-of-Packaged-Foods-main/sample dataset/images/train/83.PNG,MRP,bebeeen mik tom rsos/S nated ant,0.6827,"[[211.0, 420.0], [301.0, 420.0], [301.0, 430.0], [211.0, 430.0]]","[0.7111111111111111, 0.5969101123595506, 0.25, 0.014044943820224719]",Matched MRP regex pattern,REJECTED,joyeetadey/Object-Detection-and-Text-Recognition-of-Packaged-Foods,718dcd15993de30ef9a5d80bd5893f1cfc14cc4fb14d4ea23a3d4056047f2aea
1,external_data/Object-Detection-and-Text-Recognition-of-Packaged-Foods-main/sample dataset/images/train/83.PNG,MRP,TRY SOME OF OUR OTHER FLAVORS,0.9051,"[[230.0, 463.0], [353.0, 466.0], [353.0, 480.0], [230.0, 476.0]]","[0.8097222222222222, 0.6622191011235955, 0.3416666666666667, 0.023876404494382022]",Matched MRP regex pattern,REJECTED,joyeetadey/Object-Detection-and-Text-Recognition-of-Packaged-Foods,718dcd15993de30ef9a5d80bd5893f1cfc14cc4fb14d4ea23a3d4056047f2aea
1,external_data/Object-Detection-and-Text-Recognition-of-Packaged-Foods-main/sample dataset/images/train/83.PNG,MRP,"ymes), Lactic Acid, Natural Favors, Arnatto",0.8545,"[[34.0, 517.0], [149.0, 517.0], [149.0, 527.0], [34.0, 527.0]]","[0.25416666666666665, 0.7331460674157303, 0.3194444444444444, 0.014044943820224719]",Matched MRP regex pattern,REJECTED,joyeetadey/Object-Detection-and-Text-Recognition-of-Packaged-Foods,718dcd15993de30ef9a5d80bd5893f1cfc14cc4fb14d4ea23a3d4056047f2aea
2,external_data/Object-Detection-and-Text-Recognition-of-Packaged-Foods-main/sample dataset/images/train/83.PNG,MRP,odant to prseng reshness),0.7304,"[[34.0, 531.0], [112.0, 532.0], [111.0, 542.0], [34.0, 541.0]]","[0.20277777777777778, 0.7535112359550562, 0.21666666666666667, 0.01544943820224719]",Matched MRP regex pattern,ACCEPTED,joyeetadey/Object-Detection-and-Text-Recognition-of-Packaged-Foods,718dcd15993de30ef9a5d80bd5893f1cfc14cc4fb14d4ea23a3d4056047f2aea
1,external_data/Object-Detection-and-Text-Recognition-of-Packaged-Foods-main/sample dataset/images/train/84.PNG,MRP,Total Sugars/Azucares Totales Og,0.9005,"[[21.0, 215.0], [124.0, 216.0], [124.0, 227.0], [21.0, 226.0]]","[0.34523809523809523, 0.3911504424778761, 0.49047619047619045, 0.021238938053097345]",Matched MRP regex pattern,REJECTED,joyeetadey/Object-Detection-and-Text-Recognition-of-Packaged-Foods,e582fc2b17f9c7075c1051e0a6ea49ee483c868fe2693013857393fab0b3ac95
2,external_data/Object-Detection-and-Text-Recognition-of-Packaged-Foods-main/sample dataset/images/train/84.PNG,MRP,roes o Aded SugarsIncye Og azicares afados 0%,0.7278,"[[25.0, 225.0], [191.0, 226.0], [191.0, 239.0], [25.0, 238.0]]","[0.5142857142857142, 0.41061946902654867, 0.7904761904761904, 0.024778761061946902]",Matched MRP regex pattern,REJECTED,joyeetadey/Object-Detection-and-Text-Recognition-of-Packaged-Foods,e582fc2b17f9c7075c1051e0a6ea49ee483c868fe2693013857393fab0b3ac95
1,external_data/Object-Detection-and-Text-Recognition-of-Packaged-Foods-main/sample dataset/images/train/85.PNG,MRP,he most unique home-made flavors that can be found,0.982,"[[0.0, 238.0], [269.0, 237.0], [269.0, 250.0], [0.0, 251.0]]","[0.30778032036613273, 0.33242506811989103, 0.6155606407322655, 0.01907356948228883]",Matched MRP regex pattern,REJECTED,joyeetadey/Object-Detection-and-Text-Recognition-of-Packaged-Foods,8ef04def2a56bb627afa35f80613c6a277a87d00c0fc5cf51e222e85e85b655b
1,external_data/Object-Detection-and-Text-Recognition-of-Packaged-Foods-main/sample dataset/images/train/85.PNG,MRP,Sugars Og,0.9567,"[[297.0, 329.0], [339.0, 329.0], [339.0, 343.0], [297.0, 343.0]]","[0.7276887871853547, 0.45776566757493187, 0.09610983981693363, 0.01907356948228883]",Matched MRP regex pattern,REJECTED,joyeetadey/Object-Detection-and-Text-Recognition-of-Packaged-Foods,8ef04def2a56bb627afa35f80613c6a277a87d00c0fc5cf51e222e85e85b655b
1,external_data/Object-Detection-and-Text-Recognition-of-Packaged-Foods-main/sample dataset/images/train/85.PNG,MRP,"hundreds of years later, Xochitl uses a",0.9482,"[[35.0, 356.0], [231.0, 354.0], [231.0, 367.0], [35.0, 369.0]]","[0.30434782608695654, 0.4925068119891008, 0.448512585812357, 0.020435967302452316]",Matched MRP regex pattern,REJECTED,joyeetadey/Object-Detection-and-Text-Recognition-of-Packaged-Foods,8ef04def2a56bb627afa35f80613c6a277a87d00c0fc5cf51e222e85e85b655b
1,external_data/Object-Detection-and-Text-Recognition-of-Packaged-Foods-main/sample dataset/images/train/85.PNG,MRP,We care for our customers and their,0.9815,"[[43.0, 469.0], [238.0, 469.0], [238.0, 482.0], [43.0, 482.0]]","[0.32151029748283755, 0.6478201634877384, 0.4462242562929062, 0.017711171662125342]",Matched MRP regex pattern,REJECTED,joyeetadey/Object-Detection-and-Text-Recognition-of-Packaged-Foods,8ef04def2a56bb627afa35f80613c6a277a87d00c0fc5cf51e222e85e85b655b
1,external_data/Object-Detection-and-Text-Recognition-of-Packaged-Foods-main/sample dataset/images/train/85.PNG,MANUFACTURER,MANUFACTURED BY:,0.9492,"[[312.0, 577.0], [394.0, 574.0], [394.0, 585.0], [312.0, 587.0]]","[0.8077803203661327, 0.7908719346049047, 0.18764302059496568, 0.017711171662125342]",Matched MANUFACTURER regex pattern,ACCEPTED,joyeetadey/Object-Detection-and-Text-Recognition-of-Packaged-Foods,8ef04def2a56bb627afa35f80613c6a277a87d00c0fc5cf51e222e85e85b655b
1,external_data/Object-Detection-and-Text-Recognition-of-Packaged-Foods-main/sample dataset/images/train/86.PNG,MRP,Serving size 19 crackers (30g),0.9487,"[[31.0, 72.0], [206.0, 72.0], [206.0, 85.0], [31.0, 85.0]]","[0.4896694214876033, 0.10288335517693316, 0.7231404958677686, 0.01703800786369594]",Matched MRP regex pattern,REJECTED,joyeetadey/Object-Detection-and-Text-Recognition-of-Packaged-Foods,625e1d094b8201f832e84e0538689f015dfa906760ae7b40d468e543237ce071
1,external_data/Object-Detection-and-Text-Recognition-of-Packaged-Foods-main/sample dataset/images/train/86.PNG,MRP,Total Sugars Og,0.9685,"[[38.0, 272.0], [107.0, 272.0], [107.0, 286.0], [38.0, 286.0]]","[0.29958677685950413, 0.3656618610747051, 0.28512396694214875, 0.01834862385321101]",Matched MRP regex pattern,REJECTED,joyeetadey/Object-Detection-and-Text-Recognition-of-Packaged-Foods,625e1d094b8201f832e84e0538689f015dfa906760ae7b40d468e543237ce071
1,external_data/Object-Detection-and-Text-Recognition-of-Packaged-Foods-main/sample dataset/images/train/86.PNG,MRP,Includes Og Added Sugars,0.9849,"[[44.0, 289.0], [160.0, 290.0], [160.0, 304.0], [44.0, 303.0]]","[0.4214876033057851, 0.3885976408912189, 0.4793388429752066, 0.019659239842726082]",Matched MRP regex pattern,REJECTED,joyeetadey/Object-Detection-and-Text-Recognition-of-Packaged-Foods,625e1d094b8201f832e84e0538689f015dfa906760ae7b40d468e543237ce071
1,external_data/Object-Detection-and-Text-Recognition-of-Packaged-Foods-main/sample dataset/images/train/86.PNG,MRP,SALT.NATURAL FLAVORS (CONTAINS MILK),0.9357,"[[27.0, 469.0], [210.0, 470.0], [210.0, 483.0], [27.0, 482.0]]","[0.4896694214876033, 0.6238532110091743, 0.756198347107438, 0.01834862385321101]",Matched MRP regex pattern,REJECTED,joyeetadey/Object-Detection-and-Text-Recognition-of-Packaged-Foods,625e1d094b8201f832e84e0538689f015dfa906760ae7b40d468e543237ce071
1,external_data/Object-Detection-and-Text-Recognition-of-Packaged-Foods-main/sample dataset/images/train/86.PNG,MRP,DISTRIBUTED BY BLUE DIAMOND GROWERS,0.945,"[[28.0, 497.0], [200.0, 497.0], [200.0, 510.0], [28.0, 510.0]]","[0.47107438016528924, 0.6598951507208388, 0.7107438016528925, 0.01703800786369594]",Matched MRP regex pattern,REJECTED,joyeetadey/Object-Detection-and-Text-Recognition-of-Packaged-Foods,625e1d094b8201f832e84e0538689f015dfa906760ae7b40d468e543237ce071
1,external_data/Object-Detection-and-Text-Recognition-of-Packaged-Foods-main/sample dataset/images/train/87.PNG,MRP,From the first moment people were hooked,0.9511,"[[295.0, 155.0], [468.0, 156.0], [468.0, 170.0], [295.0, 169.0]]","[0.7422178988326849, 0.22321428571428573, 0.33657587548638135, 0.020604395604395604]",Matched MRP regex pattern,REJECTED,joyeetadey/Object-Detection-and-Text-Recognition-of-Packaged-Foods,08baed3110ff116a59c6cd83706a1398d507b0612ba5668a3a394616d06883a4
1,external_data/Object-Detection-and-Text-Recognition-of-Packaged-Foods-main/sample dataset/images/train/87.PNG,MRP,on the vibrant flavors and delectable,0.9623,"[[308.0, 171.0], [457.0, 170.0], [457.0, 184.0], [308.0, 185.0]]","[0.7441634241245136, 0.2438186813186813, 0.2898832684824903, 0.020604395604395604]",Matched MRP regex pattern,REJECTED,joyeetadey/Object-Detection-and-Text-Recognition-of-Packaged-Foods,08baed3110ff116a59c6cd83706a1398d507b0612ba5668a3a394616d06883a4
1,external_data/Object-Detection-and-Text-Recognition-of-Packaged-Foods-main/sample dataset/images/train/87.PNG,MRP,and diverse root vegetables from a select,0.9668,"[[301.0, 203.0], [465.0, 203.0], [465.0, 217.0], [301.0, 217.0]]","[0.745136186770428, 0.28846153846153844, 0.31906614785992216, 0.019230769230769232]",Matched MRP regex pattern,REJECTED,joyeetadey/Object-Detection-and-Text-Recognition-of-Packaged-Foods,08baed3110ff116a59c6cd83706a1398d507b0612ba5668a3a394616d06883a4
1,external_data/Object-Detection-and-Text-Recognition-of-Packaged-Foods-main/sample dataset/images/train/87.PNG,MRP,Total Sugars 5g,0.9318,"[[42.0, 224.0], [102.0, 224.0], [102.0, 234.0], [42.0, 234.0]]","[0.14007782101167315, 0.31456043956043955, 0.11673151750972763, 0.013736263736263736]",Matched MRP regex pattern,REJECTED,joyeetadey/Object-Detection-and-Text-Recognition-of-Packaged-Foods,08baed3110ff116a59c6cd83706a1398d507b0612ba5668a3a394616d06883a4
1,external_data/Object-Detection-and-Text-Recognition-of-Packaged-Foods-main/sample dataset/images/train/87.PNG,MRP,group of farmcrs.Today.the intimate,0.9419,"[[309.0, 219.0], [459.0, 219.0], [459.0, 231.0], [309.0, 231.0]]","[0.7470817120622568, 0.3090659340659341, 0.2918287937743191, 0.016483516483516484]",Matched MRP regex pattern,REJECTED,joyeetadey/Object-Detection-and-Text-Recognition-of-Packaged-Foods,08baed3110ff116a59c6cd83706a1398d507b0612ba5668a3a394616d06883a4
1,external_data/Object-Detection-and-Text-Recognition-of-Packaged-Foods-main/sample dataset/images/train/87.PNG,MRP,Includes Og Added Sugars,0.952,"[[48.0, 235.0], [156.0, 234.0], [156.0, 248.0], [48.0, 249.0]]","[0.19844357976653695, 0.3317307692307692, 0.21011673151750973, 0.020604395604395604]",Matched MRP regex pattern,REJECTED,joyeetadey/Object-Detection-and-Text-Recognition-of-Packaged-Foods,08baed3110ff116a59c6cd83706a1398d507b0612ba5668a3a394616d06883a4
1,external_data/Object-Detection-and-Text-Recognition-of-Packaged-Foods-main/sample dataset/images/train/87.PNG,MRP,over 20 different varieties and flavors,0.9522,"[[308.0, 248.0], [461.0, 250.0], [461.0, 264.0], [308.0, 262.0]]","[0.7480544747081712, 0.3516483516483517, 0.29766536964980544, 0.02197802197802198]",Matched MRP regex pattern,REJECTED,joyeetadey/Object-Detection-and-Text-Recognition-of-Packaged-Foods,08baed3110ff116a59c6cd83706a1398d507b0612ba5668a3a394616d06883a4
1,external_data/Object-Detection-and-Text-Recognition-of-Packaged-Foods-main/sample dataset/images/train/87.PNG,MRP,Seed Savers,0.9527,"[[355.0, 548.0], [463.0, 548.0], [463.0, 565.0], [355.0, 565.0]]","[0.7957198443579766, 0.7644230769230769, 0.21011673151750973, 0.023351648351648352]",Matched MRP regex pattern,ACCEPTED,joyeetadey/Object-Detection-and-Text-Recognition-of-Packaged-Foods,08baed3110ff116a59c6cd83706a1398d507b0612ba5668a3a394616d06883a4
2,external_data/Object-Detection-and-Text-Recognition-of-Packaged-Foods-main/sample dataset/images/train/87.PNG,MRP,rSe S xch-t,0.6518,"[[349.0, 593.0], [464.0, 590.0], [464.0, 603.0], [350.0, 605.0]]","[0.7908560311284046, 0.8207417582417582, 0.2237354085603113, 0.020604395604395604]",Matched MRP regex pattern,ACCEPTED,joyeetadey/Object-Detection-and-Text-Recognition-of-Packaged-Foods,08baed3110ff116a59c6cd83706a1398d507b0612ba5668a3a394616d06883a4
1,external_data/Object-Detection-and-Text-Recognition-of-Packaged-Foods-main/sample dataset/images/train/88.PNG,MRP,ugars 10,0.9109,"[[312.0, 241.0], [335.0, 241.0], [335.0, 248.0], [312.0, 248.0]]","[0.6868365180467091, 0.3698940998487141, 0.04883227176220807, 0.01059001512859304]",Matched MRP regex pattern,ACCEPTED,joyeetadey/Object-Detection-and-Text-Recognition-of-Packaged-Foods,46bf97652597d10ae494e19f2cee5f70bcca4b2ec72f43eb272ecaf8dd420fbd
1,external_data/Object-Detection-and-Text-Recognition-of-Packaged-Foods-main/sample dataset/images/train/88.PNG,MRP,PRGANIC BELL PEPPERS ANC,0.8074,"[[308.0, 329.0], [382.0, 329.0], [382.0, 335.0], [308.0, 335.0]]","[0.732484076433121, 0.5022692889561271, 0.15711252653927812, 0.009077155824508321]",Matched MRP regex pattern,ACCEPTED,joyeetadey/Object-Detection-and-Text-Recognition-of-Packaged-Foods,46bf97652597d10ae494e19f2cee5f70bcca4b2ec72f43eb272ecaf8dd420fbd
1,external_data/Object-Detection-and-Text-Recognition-of-Packaged-Foods-main/sample dataset/images/train/88.PNG,MRP,"Asfifth generation farmers, our roots.",0.949,"[[60.0, 373.0], [247.0, 368.0], [247.0, 382.0], [60.0, 387.0]]","[0.32590233545647557, 0.5711043872919819, 0.3970276008492569, 0.028744326777609682]",Matched MRP regex pattern,REJECTED,joyeetadey/Object-Detection-and-Text-Recognition-of-Packaged-Foods,46bf97652597d10ae494e19f2cee5f70bcca4b2ec72f43eb272ecaf8dd420fbd
1,external_data/Object-Detection-and-Text-Recognition-of-Packaged-Foods-main/sample dataset/images/train/88.PNG,MRP,SWEETENERS.NATURALLTE,0.9596,"[[290.0, 450.0], [411.0, 438.0], [413.0, 452.0], [291.0, 464.0]]","[0.7462845010615711, 0.6822995461422088, 0.2611464968152866, 0.039334341906202726]",Matched MRP regex pattern,ACCEPTED,joyeetadey/Object-Detection-and-Text-Recognition-of-Packaged-Foods,46bf97652597d10ae494e19f2cee5f70bcca4b2ec72f43eb272ecaf8dd420fbd
1,external_data/Object-Detection-and-Text-Recognition-of-Packaged-Foods-main/sample dataset/images/train/89.PNG,MRP,"late summer corn, bursting with",0.9589,"[[54.0, 319.0], [256.0, 320.0], [256.0, 334.0], [54.0, 333.0]]","[0.30876494023904383, 0.44421768707482995, 0.40239043824701193, 0.02040816326530612]",Matched MRP regex pattern,REJECTED,joyeetadey/Object-Detection-and-Text-Recognition-of-Packaged-Foods,1cf3e5bde7998051dd16f5e42b257d01d58dfeac938a886108abafdaa1579ce7
1,external_data/Object-Detection-and-Text-Recognition-of-Packaged-Foods-main/sample dataset/images/train/89.PNG,MRP,Total Sugars 7g,0.9789,"[[302.0, 333.0], [389.0, 333.0], [389.0, 347.0], [302.0, 347.0]]","[0.6882470119521913, 0.46258503401360546, 0.17330677290836655, 0.01904761904761905]",Matched MRP regex pattern,REJECTED,joyeetadey/Object-Detection-and-Text-Recognition-of-Packaged-Foods,1cf3e5bde7998051dd16f5e42b257d01d58dfeac938a886108abafdaa1579ce7
1,external_data/Object-Detection-and-Text-Recognition-of-Packaged-Foods-main/sample dataset/images/train/89.PNG,MRP,Includes Og Added Sugars,0.9797,"[[316.0, 349.0], [442.0, 347.0], [442.0, 361.0], [316.0, 363.0]]","[0.7549800796812749, 0.48299319727891155, 0.250996015936255, 0.021768707482993196]",Matched MRP regex pattern,REJECTED,joyeetadey/Object-Detection-and-Text-Recognition-of-Packaged-Foods,1cf3e5bde7998051dd16f5e42b257d01d58dfeac938a886108abafdaa1579ce7
1,external_data/Object-Detection-and-Text-Recognition-of-Packaged-Foods-main/sample dataset/images/train/89.PNG,MRP,"that were fresh, wholesome and bursting",0.986,"[[68.0, 498.0], [247.0, 508.0], [247.0, 522.0], [67.0, 512.0]]","[0.31274900398406374, 0.6938775510204082, 0.35856573705179284, 0.0326530612244898]",Matched MRP regex pattern,REJECTED,joyeetadey/Object-Detection-and-Text-Recognition-of-Packaged-Foods,1cf3e5bde7998051dd16f5e42b257d01d58dfeac938a886108abafdaa1579ce7
1,external_data/Object-Detection-and-Text-Recognition-of-Packaged-Foods-main/sample dataset/images/train/90.PNG,MANUFACTURER,**Chocolate is manufactured on,0.965,"[[384.0, 198.0], [621.0, 202.0], [621.0, 222.0], [383.0, 218.0]]","[0.7652439024390244, 0.3, 0.3628048780487805, 0.03428571428571429]",Matched MANUFACTURER regex pattern,ACCEPTED,joyeetadey/Object-Detection-and-Text-Recognition-of-Packaged-Foods,2b179d6d0ede058c41eabba456cdbd0e4eac962f55fe377e9735155029701e4d
1,external_data/Object-Detection-and-Text-Recognition-of-Packaged-Foods-main/sample dataset/images/train/90.PNG,MANUFACTURER,MANUFACTURED & DISTRIBUTED BY,0.9572,"[[380.0, 404.0], [606.0, 407.0], [606.0, 423.0], [380.0, 420.0]]","[0.7515243902439024, 0.5907142857142857, 0.3445121951219512, 0.027142857142857142]",Matched MANUFACTURER regex pattern,ACCEPTED,joyeetadey/Object-Detection-and-Text-Recognition-of-Packaged-Foods,2b179d6d0ede058c41eabba456cdbd0e4eac962f55fe377e9735155029701e4d
1,external_data/Object-Detection-and-Text-Recognition-of-Packaged-Foods-main/sample dataset/images/train/90.PNG,MRP,Total Sugars 8g,0.9495,"[[74.0, 418.0], [197.0, 422.0], [196.0, 443.0], [74.0, 439.0]]","[0.20655487804878048, 0.615, 0.1875, 0.03571428571428571]",Matched MRP regex pattern,REJECTED,joyeetadey/Object-Detection-and-Text-Recognition-of-Packaged-Foods,2b179d6d0ede058c41eabba456cdbd0e4eac962f55fe377e9735155029701e4d
1,external_data/Object-Detection-and-Text-Recognition-of-Packaged-Foods-main/sample dataset/images/train/90.PNG,MRP,Incl.6g Added Sugars,0.9669,"[[96.0, 443.0], [266.0, 448.0], [265.0, 468.0], [95.0, 463.0]]","[0.27515243902439024, 0.6507142857142857, 0.2606707317073171, 0.03571428571428571]",Matched MRP regex pattern,REJECTED,joyeetadey/Object-Detection-and-Text-Recognition-of-Packaged-Foods,2b179d6d0ede058c41eabba456cdbd0e4eac962f55fe377e9735155029701e4d
1,external_data/Object-Detection-and-Text-Recognition-of-Packaged-Foods-main/sample dataset/images/train/90.PNG,MANUFACTURER,This product was manufactured with 100% renewable energy.,0.9702,"[[255.0, 645.0], [574.0, 653.0], [574.0, 670.0], [254.0, 662.0]]","[0.6310975609756098, 0.9392857142857143, 0.4878048780487805, 0.03571428571428571]",Matched MANUFACTURER regex pattern,REJECTED,joyeetadey/Object-Detection-and-Text-Recognition-of-Packaged-Foods,2b179d6d0ede058c41eabba456cdbd0e4eac962f55fe377e9735155029701e4d
1,external_data/Object-Detection-and-Text-Recognition-of-Packaged-Foods-main/sample dataset/images/train/91.PNG,MRP,Serving size5 crackers 16g),0.9455,"[[65.0, 102.0], [319.0, 99.0], [319.0, 120.0], [65.0, 122.0]]","[0.2917933130699088, 0.16844512195121952, 0.3860182370820669, 0.0350609756097561]",Matched MRP regex pattern,ACCEPTED,joyeetadey/Object-Detection-and-Text-Recognition-of-Packaged-Foods,a73c155ea67dfa4c6cb777acca5cb9b67725033cbb2f2c364e04dd98ffb2084e
1,external_data/Object-Detection-and-Text-Recognition-of-Packaged-Foods-main/sample dataset/images/train/91.PNG,MRP,Total Sugars Og,0.9483,"[[89.0, 407.0], [198.0, 409.0], [198.0, 428.0], [89.0, 425.0]]","[0.21808510638297873, 0.6364329268292683, 0.1656534954407295, 0.03201219512195122]",Matched MRP regex pattern,REJECTED,joyeetadey/Object-Detection-and-Text-Recognition-of-Packaged-Foods,a73c155ea67dfa4c6cb777acca5cb9b67725033cbb2f2c364e04dd98ffb2084e
1,external_data/Object-Detection-and-Text-Recognition-of-Packaged-Foods-main/sample dataset/images/train/91.PNG,MRP,Incl Og Added Sugars,0.9265,"[[96.0, 436.0], [247.0, 436.0], [247.0, 453.0], [96.0, 453.0]]","[0.26063829787234044, 0.6775914634146342, 0.22948328267477203, 0.025914634146341462]",Matched MRP regex pattern,REJECTED,joyeetadey/Object-Detection-and-Text-Recognition-of-Packaged-Foods,a73c155ea67dfa4c6cb777acca5cb9b67725033cbb2f2c364e04dd98ffb2084e
2,external_data/Object-Detection-and-Text-Recognition-of-Packaged-Foods-main/sample dataset/images/train/92.PNG,MRP,ToealSugars Ig,0.7506,"[[29.0, 184.0], [77.0, 176.0], [79.0, 187.0], [31.0, 195.0]]","[0.11042944785276074, 0.2523809523809524, 0.10224948875255624, 0.02585034013605442]",Matched MRP regex pattern,REJECTED,joyeetadey/Object-Detection-and-Text-Recognition-of-Packaged-Foods,ba5590a0b466eea3c6e949471569b22d4f2475166ec7c21474fe96436e4d5798
1,external_data/Object-Detection-and-Text-Recognition-of-Packaged-Foods-main/sample dataset/images/train/92.PNG,MRP,that Veronica's first creation.,0.9365,"[[305.0, 485.0], [423.0, 476.0], [424.0, 490.0], [306.0, 499.0]]","[0.745398773006135, 0.6632653061224489, 0.24335378323108384, 0.031292517006802724]",Matched MRP regex pattern,REJECTED,joyeetadey/Object-Detection-and-Text-Recognition-of-Packaged-Foods,ba5590a0b466eea3c6e949471569b22d4f2475166ec7c21474fe96436e4d5798
1,external_data/Object-Detection-and-Text-Recognition-of-Packaged-Foods-main/sample dataset/images/train/93.PNG,MRP,Total Sugars Og,0.9668,"[[91.0, 420.0], [140.0, 420.0], [140.0, 430.0], [91.0, 430.0]]","[0.23427991886409735, 0.6141618497109826, 0.09939148073022312, 0.014450867052023121]",Matched MRP regex pattern,REJECTED,joyeetadey/Object-Detection-and-Text-Recognition-of-Packaged-Foods,f95d50f9aab84bbc1b882c0bef78008bdda5cc4bc0a58262c3acec397319594d
1,external_data/Object-Detection-and-Text-Recognition-of-Packaged-Foods-main/sample dataset/images/train/93.PNG,MRP,Includes Og Added Sugars,0.9885,"[[99.0, 429.0], [182.0, 432.0], [182.0, 442.0], [98.0, 440.0]]","[0.2839756592292089, 0.6293352601156069, 0.17038539553752535, 0.01878612716763006]",Matched MRP regex pattern,REJECTED,joyeetadey/Object-Detection-and-Text-Recognition-of-Packaged-Foods,f95d50f9aab84bbc1b882c0bef78008bdda5cc4bc0a58262c3acec397319594d
1,external_data/Object-Detection-and-Text-Recognition-of-Packaged-Foods-main/sample dataset/images/train/93.PNG,NET_QUANTITY,NET WT 16 OZ (1 LB)454g,0.8878,"[[153.0, 549.0], [308.0, 550.0], [308.0, 564.0], [153.0, 563.0]]","[0.46754563894523327, 0.8041907514450867, 0.3144016227180527, 0.02167630057803468]",Matched NET_QUANTITY regex pattern,ACCEPTED,joyeetadey/Object-Detection-and-Text-Recognition-of-Packaged-Foods,f95d50f9aab84bbc1b882c0bef78008bdda5cc4bc0a58262c3acec397319594d
1,external_data/Object-Detection-and-Text-Recognition-of-Packaged-Foods-main/sample dataset/images/val/100.PNG,NET_QUANTITY,Net wt.200ge,0.8855,"[[138.0, 472.0], [225.0, 472.0], [225.0, 489.0], [138.0, 489.0]]","[0.521551724137931, 0.9668008048289738, 0.25, 0.03420523138832998]",Matched NET_QUANTITY regex pattern,ACCEPTED,joyeetadey/Object-Detection-and-Text-Recognition-of-Packaged-Foods,73b28ddad7688c36aad60b127df7af5f6c5193b5683542b15eb90a413ff3819c
1,external_data/Object-Detection-and-Text-Recognition-of-Packaged-Foods-main/sample dataset/images/val/94.PNG,MRP,Serving Size:2 bars (50g),0.9456,"[[15.0, 40.0], [164.0, 42.0], [164.0, 59.0], [15.0, 56.0]]","[0.2944078947368421, 0.06780821917808219, 0.4901315789473684, 0.026027397260273973]",Matched MRP regex pattern,ACCEPTED,joyeetadey/Object-Detection-and-Text-Recognition-of-Packaged-Foods,8df7aa9c0a066c59223f3f291051ed5ccdebe0fd5506d630767a5e17808a88f5
1,external_data/Object-Detection-and-Text-Recognition-of-Packaged-Foods-main/sample dataset/images/val/94.PNG,MRP,Sugars 9g,0.9665,"[[31.0, 276.0], [89.0, 278.0], [89.0, 293.0], [30.0, 290.0]]","[0.19572368421052633, 0.38972602739726026, 0.19407894736842105, 0.023287671232876714]",Matched MRP regex pattern,REJECTED,joyeetadey/Object-Detection-and-Text-Recognition-of-Packaged-Foods,8df7aa9c0a066c59223f3f291051ed5ccdebe0fd5506d630767a5e17808a88f5
1,external_data/Object-Detection-and-Text-Recognition-of-Packaged-Foods-main/sample dataset/images/val/95.PNG,MRP,OF2 BREAKFAST BARS,0.9475,"[[51.0, 689.0], [254.0, 688.0], [254.0, 709.0], [51.0, 710.0]]","[0.2629310344827586, 0.9445945945945946, 0.35, 0.02972972972972973]",Matched MRP regex pattern,ACCEPTED,joyeetadey/Object-Detection-and-Text-Recognition-of-Packaged-Foods,b6ba04ce908cb218fc9acf422b9c51c905a4c726e10d0a0bb6b92d3f0336077f
1,external_data/Object-Detection-and-Text-Recognition-of-Packaged-Foods-main/sample dataset/images/val/95.PNG,NET_QUANTITY,NET WT.7.1 OZ (200g),0.927,"[[404.0, 688.0], [551.0, 690.0], [551.0, 710.0], [404.0, 708.0]]","[0.8232758620689655, 0.9445945945945946, 0.253448275862069, 0.02972972972972973]",Matched NET_QUANTITY regex pattern,ACCEPTED,joyeetadey/Object-Detection-and-Text-Recognition-of-Packaged-Foods,b6ba04ce908cb218fc9acf422b9c51c905a4c726e10d0a0bb6b92d3f0336077f
1,external_data/Object-Detection-and-Text-Recognition-of-Packaged-Foods-main/sample dataset/images/val/96.PNG,MRP,SUGARS,0.998,"[[516.0, 61.0], [543.0, 61.0], [543.0, 73.0], [516.0, 73.0]]","[0.9592391304347826, 0.09090909090909091, 0.04891304347826087, 0.016282225237449117]",Matched MRP regex pattern,REJECTED,joyeetadey/Object-Detection-and-Text-Recognition-of-Packaged-Foods,9c271e02c306bc026dddebe42c6452863cd68d97b275d0daa3f0e76754334425
1,external_data/Object-Detection-and-Text-Recognition-of-Packaged-Foods-main/sample dataset/images/val/96.PNG,NET_QUANTITY,NET WT.14 0Z (397g),0.9422,"[[324.0, 706.0], [499.0, 710.0], [499.0, 734.0], [323.0, 730.0]]","[0.7445652173913043, 0.9769335142469471, 0.3188405797101449, 0.037991858887381276]",Matched NET_QUANTITY regex pattern,ACCEPTED,joyeetadey/Object-Detection-and-Text-Recognition-of-Packaged-Foods,9c271e02c306bc026dddebe42c6452863cd68d97b275d0daa3f0e76754334425
1,external_data/Object-Detection-and-Text-Recognition-of-Packaged-Foods-main/sample dataset/images/val/97.PNG,MRP,Total Sugars 6g,0.9851,"[[14.0, 379.0], [81.0, 379.0], [81.0, 393.0], [14.0, 393.0]]","[0.27941176470588236, 0.5132978723404256, 0.3941176470588235, 0.018617021276595744]",Matched MRP regex pattern,REJECTED,joyeetadey/Object-Detection-and-Text-Recognition-of-Packaged-Foods,8828bbc9aae251a2bbd92cb98459dcbbcd26bb6351c7e9e87f5e218afbbe4f42
1,external_data/Object-Detection-and-Text-Recognition-of-Packaged-Foods-main/sample dataset/images/val/97.PNG,MRP,Incl. Og Added Sugars,0.9785,"[[20.0, 395.0], [115.0, 395.0], [115.0, 408.0], [20.0, 408.0]]","[0.39705882352941174, 0.5339095744680851, 0.5588235294117647, 0.017287234042553192]",Matched MRP regex pattern,REJECTED,joyeetadey/Object-Detection-and-Text-Recognition-of-Packaged-Foods,8828bbc9aae251a2bbd92cb98459dcbbcd26bb6351c7e9e87f5e218afbbe4f42
1,external_data/Object-Detection-and-Text-Recognition-of-Packaged-Foods-main/sample dataset/images/val/97.PNG,MANUFACTURER,MANUFACTURED FOR,0.969,"[[37.0, 629.0], [121.0, 631.0], [121.0, 641.0], [37.0, 639.0]]","[0.4647058823529412, 0.8444148936170213, 0.49411764705882355, 0.015957446808510637]",Matched MANUFACTURER regex pattern,ACCEPTED,joyeetadey/Object-Detection-and-Text-Recognition-of-Packaged-Foods,8828bbc9aae251a2bbd92cb98459dcbbcd26bb6351c7e9e87f5e218afbbe4f42
1,external_data/Object-Detection-and-Text-Recognition-of-Packaged-Foods-main/sample dataset/images/val/97.PNG,MRP,Three Sisters Cereal,0.9902,"[[42.0, 638.0], [119.0, 641.0], [119.0, 652.0], [41.0, 649.0]]","[0.47058823529411764, 0.8577127659574468, 0.4588235294117647, 0.018617021276595744]",Matched MRP regex pattern,ACCEPTED,joyeetadey/Object-Detection-and-Text-Recognition-of-Packaged-Foods,8828bbc9aae251a2bbd92cb98459dcbbcd26bb6351c7e9e87f5e218afbbe4f42
1,external_data/Object-Detection-and-Text-Recognition-of-Packaged-Foods-main/sample dataset/images/val/99.PNG,CONSUMER_CARE,NESTLE CONSUMER CARE,0.9591,"[[24.0, 156.0], [161.0, 152.0], [161.0, 173.0], [25.0, 177.0]]","[0.22783251231527094, 0.28216123499142365, 0.3374384236453202, 0.04288164665523156]",Matched CONSUMER_CARE regex pattern,ACCEPTED,joyeetadey/Object-Detection-and-Text-Recognition-of-Packaged-Foods,2c6f7cb9abdb8da6b6bbed46c1f1ebb590a0c28f68f627f6cf3ef15ad800afb2
1,external_data/Object-Detection-and-Text-Recognition-of-Packaged-Foods-main/sample dataset/images/val/99.PNG,CONSUMER_CARE,WECARE@IN.NESTLE.COM,0.9954,"[[27.0, 210.0], [161.0, 206.0], [161.0, 225.0], [28.0, 228.0]]","[0.2315270935960591, 0.37221269296740994, 0.33004926108374383, 0.03773584905660377]",Matched CONSUMER_CARE regex pattern,ACCEPTED,joyeetadey/Object-Detection-and-Text-Recognition-of-Packaged-Foods,2c6f7cb9abdb8da6b6bbed46c1f1ebb590a0c28f68f627f6cf3ef15ad800afb2
2,external_data/Object-Detection-and-Text-Recognition-of-Packaged-Foods-main/sample dataset/images/val/99.PNG,MRP,MRPin.ofal taxes:,0.7153,"[[33.0, 317.0], [127.0, 317.0], [127.0, 334.0], [33.0, 334.0]]","[0.19704433497536947, 0.5583190394511149, 0.2315270935960591, 0.029159519725557463]",Matched MRP regex pattern,ACCEPTED,joyeetadey/Object-Detection-and-Text-Recognition-of-Packaged-Foods,2c6f7cb9abdb8da6b6bbed46c1f1ebb590a0c28f68f627f6cf3ef15ad800afb2
1,external_data/Object-Detection-and-Text-Recognition-of-Packaged-Foods-main/sample dataset/images/val/99.PNG,NET_QUANTITY,NET WEIGHT:,0.9275,"[[21.0, 537.0], [89.0, 541.0], [88.0, 554.0], [20.0, 550.0]]","[0.13423645320197045, 0.9356775300171527, 0.16995073891625614, 0.029159519725557463]",Matched NET_QUANTITY regex pattern,ACCEPTED,joyeetadey/Object-Detection-and-Text-Recognition-of-Packaged-Foods,2c6f7cb9abdb8da6b6bbed46c1f1ebb590a0c28f68f627f6cf3ef15ad800afb2
